"Data Source","World Development Indicators",

"Last Updated Date","2022-09-16",

"Country Name","Country Code","Indicator Name","Indicator Code","1960","1961","1962","1963","1964","1965","1966","1967","1968","1969","1970","1971","1972","1973","1974","1975","1976","1977","1978","1979","1980","1981","1982","1983","1984","1985","1986","1987","1988","1989","1990","1991","1992","1993","1994","1995","1996","1997","1998","1999","2000","2001","2002","2003","2004","2005","2006","2007","2008","2009","2010","2011","2012","2013","2014","2015","2016","2017","2018","2019","2020","2021",
"Aruba","ABW","Ease of doing business score (0 = lowest performance to 100 = best performance)","IC.BUS.DFRN.XQ","","","","","","","","","","","","","","","","","","","","","","","","","","","","","","","","","","","","","","","","","","","","","","","","","","","","","","","","","","","","","","",
"Africa Eastern and Southern","AFE","Ease of doing business score (0 = lowest performance to 100 = best performance)","IC.BUS.DFRN.XQ","","","","","","","","","","","","","","","","","","","","","","","","","","","","","","","","","","","","","","","","","","","","","","","","","","","","","","","","49.7601488461539","50.5655180769231","51.7215069230769","52.9167319230769","53.5406907692308","","",
"Afghanistan","AFG","Ease of doing business score (0 = lowest performance to 100 = best performance)","IC.BUS.DFRN.XQ","","","","","","","","","","","","","","","","","","","","","","","","","","","","","","","","","","","","","","","","","","","","","","","","","","","","","","","","39.25519","38.93563","37.13062","44.20343","44.06497","","",
"Africa Western and Central","AFW","Ease of doing business score (0 = lowest performance to 100 = best performance)","IC.BUS.DFRN.XQ","","","","","","","","","","","","","","","","","","","","","","","","","","","","","","","","","","","","","","","","","","","","","","","","","","","","","","","","45.2416022727273","46.03951","47.2346004545455","48.4301886363636","49.8433445454545","","",
"Angola","AGO","Ease of doing business score (0 = lowest performance to 100 = best performance)","IC.BUS.DFRN.XQ","","","","","","","","","","","","","","","","","","","","","","","","","","","","","","","","","","","","","","","","","","","","","","","","","","","","","","","","37.57368","37.65132","39.00774","41.20205","41.28838","","",
"Albania","ALB","Ease of doing business score (0 = lowest performance to 100 = best performance)","IC.BUS.DFRN.XQ","","","","","","","","","","","","","","","","","","","","","","","","","","","","","","","","","","","","","","","","","","","","","","","","","","","","","","","","58.07559","64.16093","66.8377","66.99561","67.74847","","",
"Andorra","AND","Ease of doing business score (0 = lowest performance to 100 = best performance)","IC.BUS.DFRN.XQ","","","","","","","","","","","","","","","","","","","","","","","","","","","","","","","","","","","","","","","","","","","","","","","","","","","","","","","","","","","","","","",
"Arab World","ARB","Ease of doing business score (0 = lowest performance to 100 = best performance)","IC.BUS.DFRN.XQ","","","","","","","","","","","","","","","","","","","","","","","","","","","","","","","","","","","","","","","","","","","","","","","","","","","","","","","","52.2285795454546","52.5948477272727","53.5442422727273","54.8789172727273","56.5046895454545","","",
"United Arab Emirates","ARE","Ease of doing business score (0 = lowest performance to 100 = best performance)","IC.BUS.DFRN.XQ","","","","","","","","","","","","","","","","","","","","","","","","","","","","","","","","","","","","","","","","","","","","","","","","","","","","","","","","76.28546","77.43435","79.30036","81.58883","80.75261","","",
"Argentina","ARG","Ease of doing business score (0 = lowest performance to 100 = best performance)","IC.BUS.DFRN.XQ","","","","","","","","","","","","","","","","","","","","","","","","","","","","","","","","","","","","","","","","","","","","","","","","","","","","","","","","56.73295","57.2443","57.31005","58.18388","58.96151","","",
"Armenia","ARM","Ease of doing business score (0 = lowest performance to 100 = best performance)","IC.BUS.DFRN.XQ","","","","","","","","","","","","","","","","","","","","","","","","","","","","","","","","","","","","","","","","","","","","","","","","","","","","","","","","69.1418","70.63154","71.49433","73.19187","74.49401","","",
"American Samoa","ASM","Ease of doing business score (0 = lowest performance to 100 = best performance)","IC.BUS.DFRN.XQ","","","","","","","","","","","","","","","","","","","","","","","","","","","","","","","","","","","","","","","","","","","","","","","","","","","","","","","","","","","","","","",
"Antigua and Barbuda","ATG","Ease of doing business score (0 = lowest performance to 100 = best performance)","IC.BUS.DFRN.XQ","","","","","","","","","","","","","","","","","","","","","","","","","","","","","","","","","","","","","","","","","","","","","","","","","","","","","","","","59.23927","58.80632","59.79669","59.85514","60.28342","","",
"Australia","AUS","Ease of doing business score (0 = lowest performance to 100 = best performance)","IC.BUS.DFRN.XQ","","","","","","","","","","","","","","","","","","","","","","","","","","","","","","","","","","","","","","","","","","","","","","","","","","","","","","","","80.38389","80.22369","80.76007","80.70552","81.21506","","",
"Austria","AUT","Ease of doing business score (0 = lowest performance to 100 = best performance)","IC.BUS.DFRN.XQ","","","","","","","","","","","","","","","","","","","","","","","","","","","","","","","","","","","","","","","","","","","","","","","","","","","","","","","","78.81665","78.85646","78.70694","78.73995","78.74549","","",
"Azerbaijan","AZE","Ease of doing business score (0 = lowest performance to 100 = best performance)","IC.BUS.DFRN.XQ","","","","","","","","","","","","","","","","","","","","","","","","","","","","","","","","","","","","","","","","","","","","","","","","","","","","","","","","65.7606","64.56339","67.13946","73.8979","78.50823","","",
"Burundi","BDI","Ease of doing business score (0 = lowest performance to 100 = best performance)","IC.BUS.DFRN.XQ","","","","","","","","","","","","","","","","","","","","","","","","","","","","","","","","","","","","","","","","","","","","","","","","","","","","","","","","45.57052","45.68405","45.91224","46.47561","46.77393","","",
"Belgium","BEL","Ease of doing business score (0 = lowest performance to 100 = best performance)","IC.BUS.DFRN.XQ","","","","","","","","","","","","","","","","","","","","","","","","","","","","","","","","","","","","","","","","","","","","","","","","","","","","","","","","72.42806","72.4092","72.18146","74.74503","74.98904","","",
"Benin","BEN","Ease of doing business score (0 = lowest performance to 100 = best performance)","IC.BUS.DFRN.XQ","","","","","","","","","","","","","","","","","","","","","","","","","","","","","","","","","","","","","","","","","","","","","","","","","","","","","","","","48.65854","49.72104","51.57576","51.71272","52.40404","","",
"Burkina Faso","BFA","Ease of doing business score (0 = lowest performance to 100 = best performance)","IC.BUS.DFRN.XQ","","","","","","","","","","","","","","","","","","","","","","","","","","","","","","","","","","","","","","","","","","","","","","","","","","","","","","","","50.6503","50.92322","51.15106","51.26807","51.40019","","",
"Bangladesh","BGD","Ease of doing business score (0 = lowest performance to 100 = best performance)","IC.BUS.DFRN.XQ","","","","","","","","","","","","","","","","","","","","","","","","","","","","","","","","","","","","","","","","","","","","","","","","","","","","","","","","40.90786","41.01625","41.5632","42.46602","45.04865","","",
"Bulgaria","BGR","Ease of doing business score (0 = lowest performance to 100 = best performance)","IC.BUS.DFRN.XQ","","","","","","","","","","","","","","","","","","","","","","","","","","","","","","","","","","","","","","","","","","","","","","","","","","","","","","","","72.46018","71.59242","71.69407","71.80724","71.97405","","",
"Bahrain","BHR","Ease of doing business score (0 = lowest performance to 100 = best performance)","IC.BUS.DFRN.XQ","","","","","","","","","","","","","","","","","","","","","","","","","","","","","","","","","","","","","","","","","","","","","","","","","","","","","","","","66.6415","68.7147","69.09366","70.13951","76.02665","","",
"Bahamas, The","BHS","Ease of doing business score (0 = lowest performance to 100 = best performance)","IC.BUS.DFRN.XQ","","","","","","","","","","","","","","","","","","","","","","","","","","","","","","","","","","","","","","","","","","","","","","","","","","","","","","","","57.10881","56.94715","58.61968","59.38844","59.87155","","",
"Bosnia and Herzegovina","BIH","Ease of doing business score (0 = lowest performance to 100 = best performance)","IC.BUS.DFRN.XQ","","","","","","","","","","","","","","","","","","","","","","","","","","","","","","","","","","","","","","","","","","","","","","","","","","","","","","","","64.1284","64.83564","65.24652","65.37254","65.44253","","",
"Belarus","BLR","Ease of doing business score (0 = lowest performance to 100 = best performance)","IC.BUS.DFRN.XQ","","","","","","","","","","","","","","","","","","","","","","","","","","","","","","","","","","","","","","","","","","","","","","","","","","","","","","","","68.72922","72.62337","73.57749","74.35306","74.29113","","",
"Belize","BLZ","Ease of doing business score (0 = lowest performance to 100 = best performance)","IC.BUS.DFRN.XQ","","","","","","","","","","","","","","","","","","","","","","","","","","","","","","","","","","","","","","","","","","","","","","","","","","","","","","","","55.36697","55.36968","55.27374","55.28901","55.47444","","",
"Bermuda","BMU","Ease of doing business score (0 = lowest performance to 100 = best performance)","IC.BUS.DFRN.XQ","","","","","","","","","","","","","","","","","","","","","","","","","","","","","","","","","","","","","","","","","","","","","","","","","","","","","","","","","","","","","","",
"Bolivia","BOL","Ease of doing business score (0 = lowest performance to 100 = best performance)","IC.BUS.DFRN.XQ","","","","","","","","","","","","","","","","","","","","","","","","","","","","","","","","","","","","","","","","","","","","","","","","","","","","","","","","49.75552","50.2251","50.97713","51.5617","51.65574","","",
"Brazil","BRA","Ease of doing business score (0 = lowest performance to 100 = best performance)","IC.BUS.DFRN.XQ","","","","","","","","","","","","","","","","","","","","","","","","","","","","","","","","","","","","","","","","","","","","","","","","","","","","","","","","55.61506","55.22357","55.6207","58.59449","59.08307","","",
"Barbados","BRB","Ease of doing business score (0 = lowest performance to 100 = best performance)","IC.BUS.DFRN.XQ","","","","","","","","","","","","","","","","","","","","","","","","","","","","","","","","","","","","","","","","","","","","","","","","","","","","","","","","57.67895","57.76071","57.67127","57.6745","57.90615","","",
"Brunei Darussalam","BRN","Ease of doing business score (0 = lowest performance to 100 = best performance)","IC.BUS.DFRN.XQ","","","","","","","","","","","","","","","","","","","","","","","","","","","","","","","","","","","","","","","","","","","","","","","","","","","","","","","","57.45747","62.85225","67.68007","69.63482","70.06387","","",
"Bhutan","BTN","Ease of doing business score (0 = lowest performance to 100 = best performance)","IC.BUS.DFRN.XQ","","","","","","","","","","","","","","","","","","","","","","","","","","","","","","","","","","","","","","","","","","","","","","","","","","","","","","","","64.86482","64.99022","65.7664","65.96848","65.97305","","",
"Botswana","BWA","Ease of doing business score (0 = lowest performance to 100 = best performance)","IC.BUS.DFRN.XQ","","","","","","","","","","","","","","","","","","","","","","","","","","","","","","","","","","","","","","","","","","","","","","","","","","","","","","","","65.48306","65.64189","65.71078","66.17048","66.1978","","",
"Central African Republic","CAF","Ease of doing business score (0 = lowest performance to 100 = best performance)","IC.BUS.DFRN.XQ","","","","","","","","","","","","","","","","","","","","","","","","","","","","","","","","","","","","","","","","","","","","","","","","","","","","","","","","32.01455","31.95495","32.35174","34.83372","35.56585","","",
"Canada","CAN","Ease of doing business score (0 = lowest performance to 100 = best performance)","IC.BUS.DFRN.XQ","","","","","","","","","","","","","","","","","","","","","","","","","","","","","","","","","","","","","","","","","","","","","","","","","","","","","","","","79.75597","79.54094","79.30059","79.6798","79.64043","","",
"Central Europe and the Baltics","CEB","Ease of doing business score (0 = lowest performance to 100 = best performance)","IC.BUS.DFRN.XQ","","","","","","","","","","","","","","","","","","","","","","","","","","","","","","","","","","","","","","","","","","","","","","","","","","","","","","","","75.3509672727273","75.7283572727273","76.1131890909091","76.1545945454545","76.3350554545455","","",
"Switzerland","CHE","Ease of doing business score (0 = lowest performance to 100 = best performance)","IC.BUS.DFRN.XQ","","","","","","","","","","","","","","","","","","","","","","","","","","","","","","","","","","","","","","","","","","","","","","","","","","","","","","","","76.42844","76.42092","76.60784","76.61632","76.61864","","",
"Channel Islands","CHI","Ease of doing business score (0 = lowest performance to 100 = best performance)","IC.BUS.DFRN.XQ","","","","","","","","","","","","","","","","","","","","","","","","","","","","","","","","","","","","","","","","","","","","","","","","","","","","","","","","","","","","","","",
"Chile","CHL","Ease of doing business score (0 = lowest performance to 100 = best performance)","IC.BUS.DFRN.XQ","","","","","","","","","","","","","","","","","","","","","","","","","","","","","","","","","","","","","","","","","","","","","","","","","","","","","","","","71.17517","71.58185","71.951","72.32025","72.58023","","",
"China","CHN","Ease of doing business score (0 = lowest performance to 100 = best performance)","IC.BUS.DFRN.XQ","","","","","","","","","","","","","","","","","","","","","","","","","","","","","","","","","","","","","","","","","","","","","","","","","","","","","","","","62.27669","63.79116","64.20096","73.30366","77.28424","","",
"Cote d'Ivoire","CIV","Ease of doing business score (0 = lowest performance to 100 = best performance)","IC.BUS.DFRN.XQ","","","","","","","","","","","","","","","","","","","","","","","","","","","","","","","","","","","","","","","","","","","","","","","","","","","","","","","","50.32956","50.95707","52.98796","58.34417","60.68796","","",
"Cameroon","CMR","Ease of doing business score (0 = lowest performance to 100 = best performance)","IC.BUS.DFRN.XQ","","","","","","","","","","","","","","","","","","","","","","","","","","","","","","","","","","","","","","","","","","","","","","","","","","","","","","","","41.89121","41.7675","45.05227","46.00492","46.09974","","",
"Congo, Dem. Rep.","COD","Ease of doing business score (0 = lowest performance to 100 = best performance)","IC.BUS.DFRN.XQ","","","","","","","","","","","","","","","","","","","","","","","","","","","","","","","","","","","","","","","","","","","","","","","","","","","","","","","","34.35533","34.39028","34.57002","35.23313","36.20973","","",
"Congo, Rep.","COG","Ease of doing business score (0 = lowest performance to 100 = best performance)","IC.BUS.DFRN.XQ","","","","","","","","","","","","","","","","","","","","","","","","","","","","","","","","","","","","","","","","","","","","","","","","","","","","","","","","38.91712","38.45264","37.86014","38.22684","39.53359","","",
"Colombia","COL","Ease of doing business score (0 = lowest performance to 100 = best performance)","IC.BUS.DFRN.XQ","","","","","","","","","","","","","","","","","","","","","","","","","","","","","","","","","","","","","","","","","","","","","","","","","","","","","","","","68.85918","69.1652","69.03524","69.24335","70.05964","","",
"Comoros","COM","Ease of doing business score (0 = lowest performance to 100 = best performance)","IC.BUS.DFRN.XQ","","","","","","","","","","","","","","","","","","","","","","","","","","","","","","","","","","","","","","","","","","","","","","","","","","","","","","","","46.24941","46.37003","46.87233","47.01396","47.87291","","",
"Cabo Verde","CPV","Ease of doing business score (0 = lowest performance to 100 = best performance)","IC.BUS.DFRN.XQ","","","","","","","","","","","","","","","","","","","","","","","","","","","","","","","","","","","","","","","","","","","","","","","","","","","","","","","","53.42938","53.40924","53.98064","54.00831","55.03925","","",
"Costa Rica","CRI","Ease of doing business score (0 = lowest performance to 100 = best performance)","IC.BUS.DFRN.XQ","","","","","","","","","","","","","","","","","","","","","","","","","","","","","","","","","","","","","","","","","","","","","","","","","","","","","","","","67.67451","67.67937","69.30028","68.83187","69.2383","","",
"Caribbean small states","CSS","Ease of doing business score (0 = lowest performance to 100 = best performance)","IC.BUS.DFRN.XQ","","","","","","","","","","","","","","","","","","","","","","","","","","","","","","","","","","","","","","","","","","","","","","","","","","","","","","","","57.3555123076923","57.7547915384615","58.0406538461538","57.9752215384615","58.2176984615385","","",
"Cuba","CUB","Ease of doing business score (0 = lowest performance to 100 = best performance)","IC.BUS.DFRN.XQ","","","","","","","","","","","","","","","","","","","","","","","","","","","","","","","","","","","","","","","","","","","","","","","","","","","","","","","","","","","","","","",
"Curacao","CUW","Ease of doing business score (0 = lowest performance to 100 = best performance)","IC.BUS.DFRN.XQ","","","","","","","","","","","","","","","","","","","","","","","","","","","","","","","","","","","","","","","","","","","","","","","","","","","","","","","","","","","","","","",
"Cayman Islands","CYM","Ease of doing business score (0 = lowest performance to 100 = best performance)","IC.BUS.DFRN.XQ","","","","","","","","","","","","","","","","","","","","","","","","","","","","","","","","","","","","","","","","","","","","","","","","","","","","","","","","","","","","","","",
"Cyprus","CYP","Ease of doing business score (0 = lowest performance to 100 = best performance)","IC.BUS.DFRN.XQ","","","","","","","","","","","","","","","","","","","","","","","","","","","","","","","","","","","","","","","","","","","","","","","","","","","","","","","","71.95361","72.31415","72.28343","72.77735","73.35105","","",
"Czechia","CZE","Ease of doing business score (0 = lowest performance to 100 = best performance)","IC.BUS.DFRN.XQ","","","","","","","","","","","","","","","","","","","","","","","","","","","","","","","","","","","","","","","","","","","","","","","","","","","","","","","","76.10923","76.38834","76.42162","76.322","76.34054","","",
"Germany","DEU","Ease of doing business score (0 = lowest performance to 100 = best performance)","IC.BUS.DFRN.XQ","","","","","","","","","","","","","","","","","","","","","","","","","","","","","","","","","","","","","","","","","","","","","","","","","","","","","","","","79.5005","79.5543","79.34962","79.34794","79.71004","","",
"Djibouti","DJI","Ease of doing business score (0 = lowest performance to 100 = best performance)","IC.BUS.DFRN.XQ","","","","","","","","","","","","","","","","","","","","","","","","","","","","","","","","","","","","","","","","","","","","","","","","","","","","","","","","44.26206","47.15118","50.88048","58.38141","60.49674","","",
"Dominica","DMA","Ease of doing business score (0 = lowest performance to 100 = best performance)","IC.BUS.DFRN.XQ","","","","","","","","","","","","","","","","","","","","","","","","","","","","","","","","","","","","","","","","","","","","","","","","","","","","","","","","61.48672","61.23575","61.66778","60.54557","60.54797","","",
"Denmark","DNK","Ease of doing business score (0 = lowest performance to 100 = best performance)","IC.BUS.DFRN.XQ","","","","","","","","","","","","","","","","","","","","","","","","","","","","","","","","","","","","","","","","","","","","","","","","","","","","","","","","84.50938","84.59517","84.5806","85.17028","85.28856","","",
"Dominican Republic","DOM","Ease of doing business score (0 = lowest performance to 100 = best performance)","IC.BUS.DFRN.XQ","","","","","","","","","","","","","","","","","","","","","","","","","","","","","","","","","","","","","","","","","","","","","","","","","","","","","","","","57.90154","57.699","59.12432","59.32073","59.98867","","",
"Algeria","DZA","Ease of doing business score (0 = lowest performance to 100 = best performance)","IC.BUS.DFRN.XQ","","","","","","","","","","","","","","","","","","","","","","","","","","","","","","","","","","","","","","","","","","","","","","","","","","","","","","","","44.2486","46.10981","46.22686","48.49803","48.59758","","",
"East Asia & Pacific (excluding high income)","EAP","Ease of doing business score (0 = lowest performance to 100 = best performance)","IC.BUS.DFRN.XQ","","","","","","","","","","","","","","","","","","","","","","","","","","","","","","","","","","","","","","","","","","","","","","","","","","","","","","","","56.9117447619048","57.6194728571429","58.3518038095238","59.3371038095238","60.0153495238095","","",
"Early-demographic dividend","EAR","Ease of doing business score (0 = lowest performance to 100 = best performance)","IC.BUS.DFRN.XQ","","","","","","","","","","","","","","","","","","","","","","","","","","","","","","","","","","","","","","","","","","","","","","","","","","","","","","","","54.7216475409836","55.1267506557377","55.9415463934426","56.9132319672131","58.1285814754098","","",
"East Asia & Pacific","EAS","Ease of doing business score (0 = lowest performance to 100 = best performance)","IC.BUS.DFRN.XQ","","","","","","","","","","","","","","","","","","","","","","","","","","","","","","","","","","","","","","","","","","","","","","","","","","","","","","","","63.1471972413793","63.8853748275862","64.6268527586207","65.4259455172414","65.9586313793104","","",
"Europe & Central Asia (excluding high income)","ECA","Ease of doing business score (0 = lowest performance to 100 = best performance)","IC.BUS.DFRN.XQ","","","","","","","","","","","","","","","","","","","","","","","","","","","","","","","","","","","","","","","","","","","","","","","","","","","","","","","","67.5071294736842","69.1297921052632","70.837182631579","72.0994","73.5620805263158","","",
"Europe & Central Asia","ECS","Ease of doing business score (0 = lowest performance to 100 = best performance)","IC.BUS.DFRN.XQ","","","","","","","","","","","","","","","","","","","","","","","","","","","","","","","","","","","","","","","","","","","","","","","","","","","","","","","","72.6825989795918","73.5150157142857","74.2920175510204","74.7275398","75.36404","","",
"Ecuador","ECU","Ease of doing business score (0 = lowest performance to 100 = best performance)","IC.BUS.DFRN.XQ","","","","","","","","","","","","","","","","","","","","","","","","","","","","","","","","","","","","","","","","","","","","","","","","","","","","","","","","57.10316","57.52173","57.49538","57.6141","57.7227","","",
"Egypt, Arab Rep.","EGY","Ease of doing business score (0 = lowest performance to 100 = best performance)","IC.BUS.DFRN.XQ","","","","","","","","","","","","","","","","","","","","","","","","","","","","","","","","","","","","","","","","","","","","","","","","","","","","","","","","54.70209","55.47428","55.79763","58.51399","60.05364","","",
"Euro area","EMU","Ease of doing business score (0 = lowest performance to 100 = best performance)","IC.BUS.DFRN.XQ","","","","","","","","","","","","","","","","","","","","","","","","","","","","","","","","","","","","","","","","","","","","","","","","","","","","","","","","74.9905689473684","75.4360136842105","75.6257310526316","75.8805352631579","76.0788063157895","","",
"Eritrea","ERI","Ease of doing business score (0 = lowest performance to 100 = best performance)","IC.BUS.DFRN.XQ","","","","","","","","","","","","","","","","","","","","","","","","","","","","","","","","","","","","","","","","","","","","","","","","","","","","","","","","20.92479","20.94464","21.37138","21.50372","21.5998","","",
"Spain","ESP","Ease of doing business score (0 = lowest performance to 100 = best performance)","IC.BUS.DFRN.XQ","","","","","","","","","","","","","","","","","","","","","","","","","","","","","","","","","","","","","","","","","","","","","","","","","","","","","","","","75.92621","77.63075","77.62772","77.69995","77.93588","","",
"Estonia","EST","Ease of doing business score (0 = lowest performance to 100 = best performance)","IC.BUS.DFRN.XQ","","","","","","","","","","","","","","","","","","","","","","","","","","","","","","","","","","","","","","","","","","","","","","","","","","","","","","","","80.53864","80.7042","80.76691","80.79339","80.61685","","",
"Ethiopia","ETH","Ease of doing business score (0 = lowest performance to 100 = best performance)","IC.BUS.DFRN.XQ","","","","","","","","","","","","","","","","","","","","","","","","","","","","","","","","","","","","","","","","","","","","","","","","","","","","","","","","43.78485","44.06311","46.14583","47.0561","47.97613","","",
"European Union","EUU","Ease of doing business score (0 = lowest performance to 100 = best performance)","IC.BUS.DFRN.XQ","","","","","","","","","","","","","","","","","","","","","","","","","","","","","","","","","","","","","","","","","","","","","","","","","","","","","","","","75.2445525925926","75.6325974074074","75.8499651851852","76.0255003703704","76.2164162962963","","",
"Fragile and conflict affected situations","FCS","Ease of doing business score (0 = lowest performance to 100 = best performance)","IC.BUS.DFRN.XQ","","","","","","","","","","","","","","","","","","","","","","","","","","","","","","","","","","","","","","","","","","","","","","","","","","","","","","","","44.3483152631579","44.4610221052631","45.0466268421053","46.1214094736842","46.9090578947368","","",
"Finland","FIN","Ease of doing business score (0 = lowest performance to 100 = best performance)","IC.BUS.DFRN.XQ","","","","","","","","","","","","","","","","","","","","","","","","","","","","","","","","","","","","","","","","","","","","","","","","","","","","","","","","80.10477","80.09777","79.98436","80.04165","80.17834","","",
"Fiji","FJI","Ease of doing business score (0 = lowest performance to 100 = best performance)","IC.BUS.DFRN.XQ","","","","","","","","","","","","","","","","","","","","","","","","","","","","","","","","","","","","","","","","","","","","","","","","","","","","","","","","62.79354","61.26819","61.34481","61.38188","61.47892","","",
"France","FRA","Ease of doing business score (0 = lowest performance to 100 = best performance)","IC.BUS.DFRN.XQ","","","","","","","","","","","","","","","","","","","","","","","","","","","","","","","","","","","","","","","","","","","","","","","","","","","","","","","","76.14755","76.25038","76.01011","76.77957","76.80465","","",
"Faroe Islands","FRO","Ease of doing business score (0 = lowest performance to 100 = best performance)","IC.BUS.DFRN.XQ","","","","","","","","","","","","","","","","","","","","","","","","","","","","","","","","","","","","","","","","","","","","","","","","","","","","","","","","","","","","","","",
"Micronesia, Fed. Sts.","FSM","Ease of doing business score (0 = lowest performance to 100 = best performance)","IC.BUS.DFRN.XQ","","","","","","","","","","","","","","","","","","","","","","","","","","","","","","","","","","","","","","","","","","","","","","","","","","","","","","","","48.09489","48.08887","48.10096","48.09786","48.10341","","",
"Gabon","GAB","Ease of doing business score (0 = lowest performance to 100 = best performance)","IC.BUS.DFRN.XQ","","","","","","","","","","","","","","","","","","","","","","","","","","","","","","","","","","","","","","","","","","","","","","","","","","","","","","","","44.02055","43.74227","44.68792","44.49778","45.0251","","",
"United Kingdom","GBR","Ease of doing business score (0 = lowest performance to 100 = best performance)","IC.BUS.DFRN.XQ","","","","","","","","","","","","","","","","","","","","","","","","","","","","","","","","","","","","","","","","","","","","","","","","","","","","","","","","83.33719","83.34108","83.21535","83.55123","83.54968","","",
"Georgia","GEO","Ease of doing business score (0 = lowest performance to 100 = best performance)","IC.BUS.DFRN.XQ","","","","","","","","","","","","","","","","","","","","","","","","","","","","","","","","","","","","","","","","","","","","","","","","","","","","","","","","78.30005","80.79351","83.01189","83.4992","83.73393","","",
"Ghana","GHA","Ease of doing business score (0 = lowest performance to 100 = best performance)","IC.BUS.DFRN.XQ","","","","","","","","","","","","","","","","","","","","","","","","","","","","","","","","","","","","","","","","","","","","","","","","","","","","","","","","56.99383","58.03559","58.37525","60.43442","59.96017","","",
"Gibraltar","GIB","Ease of doing business score (0 = lowest performance to 100 = best performance)","IC.BUS.DFRN.XQ","","","","","","","","","","","","","","","","","","","","","","","","","","","","","","","","","","","","","","","","","","","","","","","","","","","","","","","","","","","","","","",
"Guinea","GIN","Ease of doing business score (0 = lowest performance to 100 = best performance)","IC.BUS.DFRN.XQ","","","","","","","","","","","","","","","","","","","","","","","","","","","","","","","","","","","","","","","","","","","","","","","","","","","","","","","","44.33462","45.97639","46.71106","49.26216","49.42922","","",
"Gambia, The","GMB","Ease of doing business score (0 = lowest performance to 100 = best performance)","IC.BUS.DFRN.XQ","","","","","","","","","","","","","","","","","","","","","","","","","","","","","","","","","","","","","","","","","","","","","","","","","","","","","","","","46.23324","47.75618","47.75707","47.82604","50.29381","","",
"Guinea-Bissau","GNB","Ease of doing business score (0 = lowest performance to 100 = best performance)","IC.BUS.DFRN.XQ","","","","","","","","","","","","","","","","","","","","","","","","","","","","","","","","","","","","","","","","","","","","","","","","","","","","","","","","40.43484","42.79794","42.91537","43.19038","43.23319","","",
"Equatorial Guinea","GNQ","Ease of doing business score (0 = lowest performance to 100 = best performance)","IC.BUS.DFRN.XQ","","","","","","","","","","","","","","","","","","","","","","","","","","","","","","","","","","","","","","","","","","","","","","","","","","","","","","","","40.02737","38.4902","40.26392","40.53653","41.05286","","",
"Greece","GRC","Ease of doing business score (0 = lowest performance to 100 = best performance)","IC.BUS.DFRN.XQ","","","","","","","","","","","","","","","","","","","","","","","","","","","","","","","","","","","","","","","","","","","","","","","","","","","","","","","","66.92296","67.08976","67.11485","67.40997","68.42391","","",
"Grenada","GRD","Ease of doing business score (0 = lowest performance to 100 = best performance)","IC.BUS.DFRN.XQ","","","","","","","","","","","","","","","","","","","","","","","","","","","","","","","","","","","","","","","","","","","","","","","","","","","","","","","","53.57188","53.41014","53.30874","53.37453","53.44488","","",
"Greenland","GRL","Ease of doing business score (0 = lowest performance to 100 = best performance)","IC.BUS.DFRN.XQ","","","","","","","","","","","","","","","","","","","","","","","","","","","","","","","","","","","","","","","","","","","","","","","","","","","","","","","","","","","","","","",
"Guatemala","GTM","Ease of doing business score (0 = lowest performance to 100 = best performance)","IC.BUS.DFRN.XQ","","","","","","","","","","","","","","","","","","","","","","","","","","","","","","","","","","","","","","","","","","","","","","","","","","","","","","","","61.68036","61.95631","61.52534","62.53299","62.59562","","",
"Guam","GUM","Ease of doing business score (0 = lowest performance to 100 = best performance)","IC.BUS.DFRN.XQ","","","","","","","","","","","","","","","","","","","","","","","","","","","","","","","","","","","","","","","","","","","","","","","","","","","","","","","","","","","","","","",
"Guyana","GUY","Ease of doing business score (0 = lowest performance to 100 = best performance)","IC.BUS.DFRN.XQ","","","","","","","","","","","","","","","","","","","","","","","","","","","","","","","","","","","","","","","","","","","","","","","","","","","","","","","","50.96896","56.35643","56.75682","55.59359","55.49196","","",
"High income","HIC","Ease of doing business score (0 = lowest performance to 100 = best performance)","IC.BUS.DFRN.XQ","","","","","","","","","","","","","","","","","","","","","","","","","","","","","","","","","","","","","","","","","","","","","","","","","","","","","","","","72.8256434482759","73.2524006896552","73.709034137931","73.8951491525424","74.4000574576271","","",
"Hong Kong SAR, China","HKG","Ease of doing business score (0 = lowest performance to 100 = best performance)","IC.BUS.DFRN.XQ","","","","","","","","","","","","","","","","","","","","","","","","","","","","","","","","","","","","","","","","","","","","","","","","","","","","","","","","84.32249","84.76059","85.04858","85.08628","85.3154","","",
"Honduras","HND","Ease of doing business score (0 = lowest performance to 100 = best performance)","IC.BUS.DFRN.XQ","","","","","","","","","","","","","","","","","","","","","","","","","","","","","","","","","","","","","","","","","","","","","","","","","","","","","","","","56.12768","55.73586","55.88601","55.97099","56.26791","","",
"Heavily indebted poor countries (HIPC)","HPC","Ease of doing business score (0 = lowest performance to 100 = best performance)","IC.BUS.DFRN.XQ","","","","","","","","","","","","","","","","","","","","","","","","","","","","","","","","","","","","","","","","","","","","","","","","","","","","","","","","45.539248974359","46.4424487179487","47.4678771794872","48.6868948717949","49.5628425641026","","",
"Croatia","HRV","Ease of doing business score (0 = lowest performance to 100 = best performance)","IC.BUS.DFRN.XQ","","","","","","","","","","","","","","","","","","","","","","","","","","","","","","","","","","","","","","","","","","","","","","","","","","","","","","","","71.35304","72.15494","72.60762","72.95462","73.62096","","",
"Haiti","HTI","Ease of doing business score (0 = lowest performance to 100 = best performance)","IC.BUS.DFRN.XQ","","","","","","","","","","","","","","","","","","","","","","","","","","","","","","","","","","","","","","","","","","","","","","","","","","","","","","","","37.67892","37.73652","37.74675","37.85895","40.72493","","",
"Hungary","HUN","Ease of doing business score (0 = lowest performance to 100 = best performance)","IC.BUS.DFRN.XQ","","","","","","","","","","","","","","","","","","","","","","","","","","","","","","","","","","","","","","","","","","","","","","","","","","","","","","","","71.06578","71.3825","72.6828","73.23963","73.41584","","",
"IBRD only","IBD","Ease of doing business score (0 = lowest performance to 100 = best performance)","IC.BUS.DFRN.XQ","","","","","","","","","","","","","","","","","","","","","","","","","","","","","","","","","","","","","","","","","","","","","","","","","","","","","","","","61.4902483823529","62.2076489705882","63.0844755882353","64.1580892647059","64.8993170588235","","",
"IDA & IBRD total","IBT","Ease of doing business score (0 = lowest performance to 100 = best performance)","IC.BUS.DFRN.XQ","","","","","","","","","","","","","","","","","","","","","","","","","","","","","","","","","","","","","","","","","","","","","","","","","","","","","","","","54.9759082269504","55.6483084397163","56.5703256028369","57.6287970921986","58.5494726950355","","",
"IDA total","IDA","Ease of doing business score (0 = lowest performance to 100 = best performance)","IC.BUS.DFRN.XQ","","","","","","","","","","","","","","","","","","","","","","","","","","","","","","","","","","","","","","","","","","","","","","","","","","","","","","","","48.9077557534247","49.5382378082192","50.5023502739726","51.5467167123288","52.6345491780822","","",
"IDA blend","IDB","Ease of doing business score (0 = lowest performance to 100 = best performance)","IC.BUS.DFRN.XQ","","","","","","","","","","","","","","","","","","","","","","","","","","","","","","","","","","","","","","","","","","","","","","","","","","","","","","","","52.9458153333333","53.408876","54.4536993333333","55.421634","56.7610466666667","","",
"Indonesia","IDN","Ease of doing business score (0 = lowest performance to 100 = best performance)","IC.BUS.DFRN.XQ","","","","","","","","","","","","","","","","","","","","","","","","","","","","","","","","","","","","","","","","","","","","","","","","","","","","","","","","62.11215","64.66011","66.86799","68.184","69.57879","","",
"IDA only","IDX","Ease of doing business score (0 = lowest performance to 100 = best performance)","IC.BUS.DFRN.XQ","","","","","","","","","","","","","","","","","","","","","","","","","","","","","","","","","","","","","","","","","","","","","","","","","","","","","","","","47.86343","48.5372106896552","49.4804496551724","50.5445829310345","51.5673515517241","","",
"Isle of Man","IMN","Ease of doing business score (0 = lowest performance to 100 = best performance)","IC.BUS.DFRN.XQ","","","","","","","","","","","","","","","","","","","","","","","","","","","","","","","","","","","","","","","","","","","","","","","","","","","","","","","","","","","","","","",
"India","IND","Ease of doing business score (0 = lowest performance to 100 = best performance)","IC.BUS.DFRN.XQ","","","","","","","","","","","","","","","","","","","","","","","","","","","","","","","","","","","","","","","","","","","","","","","","","","","","","","","","54.52099","55.94046","60.9076","67.49639","71.04511","","",
"Not classified","INX","Ease of doing business score (0 = lowest performance to 100 = best performance)","IC.BUS.DFRN.XQ","","","","","","","","","","","","","","","","","","","","","","","","","","","","","","","","","","","","","","","","","","","","","","","","","","","","","","","","","","","","","","",
"Ireland","IRL","Ease of doing business score (0 = lowest performance to 100 = best performance)","IC.BUS.DFRN.XQ","","","","","","","","","","","","","","","","","","","","","","","","","","","","","","","","","","","","","","","","","","","","","","","","","","","","","","","","79.79674","80.10484","80.10187","79.58999","79.57614","","",
"Iran, Islamic Rep.","IRN","Ease of doing business score (0 = lowest performance to 100 = best performance)","IC.BUS.DFRN.XQ","","","","","","","","","","","","","","","","","","","","","","","","","","","","","","","","","","","","","","","","","","","","","","","","","","","","","","","","55.37743","55.70786","55.69678","58.63915","58.54658","","",
"Iraq","IRQ","Ease of doing business score (0 = lowest performance to 100 = best performance)","IC.BUS.DFRN.XQ","","","","","","","","","","","","","","","","","","","","","","","","","","","","","","","","","","","","","","","","","","","","","","","","","","","","","","","","42.86367","44.14072","44.61783","44.65481","44.70443","","",
"Iceland","ISL","Ease of doing business score (0 = lowest performance to 100 = best performance)","IC.BUS.DFRN.XQ","","","","","","","","","","","","","","","","","","","","","","","","","","","","","","","","","","","","","","","","","","","","","","","","","","","","","","","","78.97419","79.00524","78.99464","79.011","78.96154","","",
"Israel","ISR","Ease of doing business score (0 = lowest performance to 100 = best performance)","IC.BUS.DFRN.XQ","","","","","","","","","","","","","","","","","","","","","","","","","","","","","","","","","","","","","","","","","","","","","","","","","","","","","","","","72.99577","74.20098","74.34011","74.98013","76.67572","","",
"Italy","ITA","Ease of doing business score (0 = lowest performance to 100 = best performance)","IC.BUS.DFRN.XQ","","","","","","","","","","","","","","","","","","","","","","","","","","","","","","","","","","","","","","","","","","","","","","","","","","","","","","","","71.68638","71.82565","73.19206","73.04291","72.85055","","",
"Jamaica","JAM","Ease of doing business score (0 = lowest performance to 100 = best performance)","IC.BUS.DFRN.XQ","","","","","","","","","","","","","","","","","","","","","","","","","","","","","","","","","","","","","","","","","","","","","","","","","","","","","","","","66.18983","67.31221","67.72419","68.2738","69.67997","","",
"Jordan","JOR","Ease of doing business score (0 = lowest performance to 100 = best performance)","IC.BUS.DFRN.XQ","","","","","","","","","","","","","","","","","","","","","","","","","","","","","","","","","","","","","","","","","","","","","","","","","","","","","","","","56.73912","57.0245","59.92558","61.28281","68.97453","","",
"Japan","JPN","Ease of doing business score (0 = lowest performance to 100 = best performance)","IC.BUS.DFRN.XQ","","","","","","","","","","","","","","","","","","","","","","","","","","","","","","","","","","","","","","","","","","","","","","","","","","","","","","","","77.52941","77.9374","78.01404","78.04159","77.99983","","",
"Kazakhstan","KAZ","Ease of doing business score (0 = lowest performance to 100 = best performance)","IC.BUS.DFRN.XQ","","","","","","","","","","","","","","","","","","","","","","","","","","","","","","","","","","","","","","","","","","","","","","","","","","","","","","","","70.91902","74.84879","76.87746","78.04085","79.55915","","",
"Kenya","KEN","Ease of doing business score (0 = lowest performance to 100 = best performance)","IC.BUS.DFRN.XQ","","","","","","","","","","","","","","","","","","","","","","","","","","","","","","","","","","","","","","","","","","","","","","","","","","","","","","","","58.00993","62.79134","65.40809","70.97866","73.21648","","",
"Kyrgyz Republic","KGZ","Ease of doing business score (0 = lowest performance to 100 = best performance)","IC.BUS.DFRN.XQ","","","","","","","","","","","","","","","","","","","","","","","","","","","","","","","","","","","","","","","","","","","","","","","","","","","","","","","","61.2702","61.31719","62.35959","65.41049","67.82089","","",
"Cambodia","KHM","Ease of doing business score (0 = lowest performance to 100 = best performance)","IC.BUS.DFRN.XQ","","","","","","","","","","","","","","","","","","","","","","","","","","","","","","","","","","","","","","","","","","","","","","","","","","","","","","","","52.87481","53.15749","53.38889","53.7971","53.84483","","",
"Kiribati","KIR","Ease of doing business score (0 = lowest performance to 100 = best performance)","IC.BUS.DFRN.XQ","","","","","","","","","","","","","","","","","","","","","","","","","","","","","","","","","","","","","","","","","","","","","","","","","","","","","","","","45.40564","46.74575","46.16176","46.76976","46.93884","","",
"St. Kitts and Nevis","KNA","Ease of doing business score (0 = lowest performance to 100 = best performance)","IC.BUS.DFRN.XQ","","","","","","","","","","","","","","","","","","","","","","","","","","","","","","","","","","","","","","","","","","","","","","","","","","","","","","","","55.59384","54.42189","54.60143","54.60701","54.63689","","",
"Korea, Rep.","KOR","Ease of doing business score (0 = lowest performance to 100 = best performance)","IC.BUS.DFRN.XQ","","","","","","","","","","","","","","","","","","","","","","","","","","","","","","","","","","","","","","","","","","","","","","","","","","","","","","","","83.08952","83.96555","83.96525","83.96046","84.00083","","",
"Kuwait","KWT","Ease of doing business score (0 = lowest performance to 100 = best performance)","IC.BUS.DFRN.XQ","","","","","","","","","","","","","","","","","","","","","","","","","","","","","","","","","","","","","","","","","","","","","","","","","","","","","","","","60.65525","59.96924","61.78943","62.56073","67.40473","","",
"Latin America & Caribbean (excluding high income)","LAC","Ease of doing business score (0 = lowest performance to 100 = best performance)","IC.BUS.DFRN.XQ","","","","","","","","","","","","","","","","","","","","","","","","","","","","","","","","","","","","","","","","","","","","","","","","","","","","","","","","58.1371","58.5428343478261","58.8662104347826","59.1010182608696","59.5167056521739","","",
"Lao PDR","LAO","Ease of doing business score (0 = lowest performance to 100 = best performance)","IC.BUS.DFRN.XQ","","","","","","","","","","","","","","","","","","","","","","","","","","","","","","","","","","","","","","","","","","","","","","","","","","","","","","","","48.20686","49.05728","49.98578","49.77807","50.82456","","",
"Lebanon","LBN","Ease of doing business score (0 = lowest performance to 100 = best performance)","IC.BUS.DFRN.XQ","","","","","","","","","","","","","","","","","","","","","","","","","","","","","","","","","","","","","","","","","","","","","","","","","","","","","","","","54.71496","54.46561","54.35106","54.42282","54.3316","","",
"Liberia","LBR","Ease of doing business score (0 = lowest performance to 100 = best performance)","IC.BUS.DFRN.XQ","","","","","","","","","","","","","","","","","","","","","","","","","","","","","","","","","","","","","","","","","","","","","","","","","","","","","","","","39.95919","39.98301","43.58222","43.54307","43.22747","","",
"Libya","LBY","Ease of doing business score (0 = lowest performance to 100 = best performance)","IC.BUS.DFRN.XQ","","","","","","","","","","","","","","","","","","","","","","","","","","","","","","","","","","","","","","","","","","","","","","","","","","","","","","","","32.61441","32.47692","32.50611","32.73696","32.68552","","",
"St. Lucia","LCA","Ease of doing business score (0 = lowest performance to 100 = best performance)","IC.BUS.DFRN.XQ","","","","","","","","","","","","","","","","","","","","","","","","","","","","","","","","","","","","","","","","","","","","","","","","","","","","","","","","63.50018","63.47845","63.57439","63.62984","63.6504","","",
"Latin America & Caribbean","LCN","Ease of doing business score (0 = lowest performance to 100 = best performance)","IC.BUS.DFRN.XQ","","","","","","","","","","","","","","","","","","","","","","","","","","","","","","","","","","","","","","","","","","","","","","","","","","","","","","","","58.3960727272727","58.5805712121212","58.9413709090909","59.2302924242424","59.5109121212121","","",
"Least developed countries: UN classification","LDC","Ease of doing business score (0 = lowest performance to 100 = best performance)","IC.BUS.DFRN.XQ","","","","","","","","","","","","","","","","","","","","","","","","","","","","","","","","","","","","","","","","","","","","","","","","","","","","","","","","45.1857495555556","45.8034611111111","46.7383782222222","47.9447224444444","48.9719857777778","","",
"Low income","LIC","Ease of doing business score (0 = lowest performance to 100 = best performance)","IC.BUS.DFRN.XQ","","","","","","","","","","","","","","","","","","","","","","","","","","","","","","","","","","","","","","","","","","","","","","","","","","","","","","","","43.3998162962963","43.7636437037037","44.6748218518519","46.0851081481482","46.9054396296296","","",
"Liechtenstein","LIE","Ease of doing business score (0 = lowest performance to 100 = best performance)","IC.BUS.DFRN.XQ","","","","","","","","","","","","","","","","","","","","","","","","","","","","","","","","","","","","","","","","","","","","","","","","","","","","","","","","","","","64.85209","64.84421","","",
"Sri Lanka","LKA","Ease of doing business score (0 = lowest performance to 100 = best performance)","IC.BUS.DFRN.XQ","","","","","","","","","","","","","","","","","","","","","","","","","","","","","","","","","","","","","","","","","","","","","","","","","","","","","","","","59.18186","59.82373","59.95122","61.75867","61.80614","","",
"Lower middle income","LMC","Ease of doing business score (0 = lowest performance to 100 = best performance)","IC.BUS.DFRN.XQ","","","","","","","","","","","","","","","","","","","","","","","","","","","","","","","","","","","","","","","","","","","","","","","","","","","","","","","","52.7721524074074","53.7047688888889","54.8018687037037","56.0898064814815","57.4014646296296","","",
"Low & middle income","LMY","Ease of doing business score (0 = lowest performance to 100 = best performance)","IC.BUS.DFRN.XQ","","","","","","","","","","","","","","","","","","","","","","","","","","","","","","","","","","","","","","","","","","","","","","","","","","","","","","","","54.3462492366412","55.0841403053435","56.0736358015267","57.2002222137405","58.1930189312977","","",
"Lesotho","LSO","Ease of doing business score (0 = lowest performance to 100 = best performance)","IC.BUS.DFRN.XQ","","","","","","","","","","","","","","","","","","","","","","","","","","","","","","","","","","","","","","","","","","","","","","","","","","","","","","","","55.18767","58.01146","58.56005","58.68291","59.4294","","",
"Late-demographic dividend","LTE","Ease of doing business score (0 = lowest performance to 100 = best performance)","IC.BUS.DFRN.XQ","","","","","","","","","","","","","","","","","","","","","","","","","","","","","","","","","","","","","","","","","","","","","","","","","","","","","","","","67.5492002083333","68.5591222916667","69.4669977083333","70.4278779166667","71.217833125","","",
"Lithuania","LTU","Ease of doing business score (0 = lowest performance to 100 = best performance)","IC.BUS.DFRN.XQ","","","","","","","","","","","","","","","","","","","","","","","","","","","","","","","","","","","","","","","","","","","","","","","","","","","","","","","","78.99313","79.21677","80.63462","80.95864","81.61948","","",
"Luxembourg","LUX","Ease of doing business score (0 = lowest performance to 100 = best performance)","IC.BUS.DFRN.XQ","","","","","","","","","","","","","","","","","","","","","","","","","","","","","","","","","","","","","","","","","","","","","","","","","","","","","","","","69.15342","69.1733","69.58844","69.58703","69.6031","","",
"Latvia","LVA","Ease of doing business score (0 = lowest performance to 100 = best performance)","IC.BUS.DFRN.XQ","","","","","","","","","","","","","","","","","","","","","","","","","","","","","","","","","","","","","","","","","","","","","","","","","","","","","","","","79.13397","80.59931","79.99279","80.31973","80.28054","","",
"Macao SAR, China","MAC","Ease of doing business score (0 = lowest performance to 100 = best performance)","IC.BUS.DFRN.XQ","","","","","","","","","","","","","","","","","","","","","","","","","","","","","","","","","","","","","","","","","","","","","","","","","","","","","","","","","","","","","","",
"St. Martin (French part)","MAF","Ease of doing business score (0 = lowest performance to 100 = best performance)","IC.BUS.DFRN.XQ","","","","","","","","","","","","","","","","","","","","","","","","","","","","","","","","","","","","","","","","","","","","","","","","","","","","","","","","","","","","","","",
"Morocco","MAR","Ease of doing business score (0 = lowest performance to 100 = best performance)","IC.BUS.DFRN.XQ","","","","","","","","","","","","","","","","","","","","","","","","","","","","","","","","","","","","","","","","","","","","","","","","","","","","","","","","67.39799","69.23623","69.21146","71.67294","73.38133","","",
"Monaco","MCO","Ease of doing business score (0 = lowest performance to 100 = best performance)","IC.BUS.DFRN.XQ","","","","","","","","","","","","","","","","","","","","","","","","","","","","","","","","","","","","","","","","","","","","","","","","","","","","","","","","","","","","","","",
"Moldova","MDA","Ease of doing business score (0 = lowest performance to 100 = best performance)","IC.BUS.DFRN.XQ","","","","","","","","","","","","","","","","","","","","","","","","","","","","","","","","","","","","","","","","","","","","","","","","","","","","","","","","71.39344","72.5204","72.72602","73.12546","74.39091","","",
"Madagascar","MDG","Ease of doing business score (0 = lowest performance to 100 = best performance)","IC.BUS.DFRN.XQ","","","","","","","","","","","","","","","","","","","","","","","","","","","","","","","","","","","","","","","","","","","","","","","","","","","","","","","","41.89608","42.74769","46.38142","47.04235","47.72865","","",
"Maldives","MDV","Ease of doing business score (0 = lowest performance to 100 = best performance)","IC.BUS.DFRN.XQ","","","","","","","","","","","","","","","","","","","","","","","","","","","","","","","","","","","","","","","","","","","","","","","","","","","","","","","","52.4375","52.38841","53.20063","53.2984","53.27453","","",
"Middle East & North Africa","MEA","Ease of doing business score (0 = lowest performance to 100 = best performance)","IC.BUS.DFRN.XQ","","","","","","","","","","","","","","","","","","","","","","","","","","","","","","","","","","","","","","","","","","","","","","","","","","","","","","","","56.3768423809524","56.82911","57.7582323809524","59.1429838095238","60.9838185714286","","",
"Mexico","MEX","Ease of doing business score (0 = lowest performance to 100 = best performance)","IC.BUS.DFRN.XQ","","","","","","","","","","","","","","","","","","","","","","","","","","","","","","","","","","","","","","","","","","","","","","","","","","","","","","","","71.64492","72.37307","72.53669","72.3064","72.35556","","",
"Marshall Islands","MHL","Ease of doing business score (0 = lowest performance to 100 = best performance)","IC.BUS.DFRN.XQ","","","","","","","","","","","","","","","","","","","","","","","","","","","","","","","","","","","","","","","","","","","","","","","","","","","","","","","","50.5639","50.90663","50.94163","50.93322","50.8911","","",
"Middle income","MIC","Ease of doing business score (0 = lowest performance to 100 = best performance)","IC.BUS.DFRN.XQ","","","","","","","","","","","","","","","","","","","","","","","","","","","","","","","","","","","","","","","","","","","","","","","","","","","","","","","","57.1881116346154","58.0231153846154","59.0329432692307","60.0858768269231","61.1234481730769","","",
"North Macedonia","MKD","Ease of doing business score (0 = lowest performance to 100 = best performance)","IC.BUS.DFRN.XQ","","","","","","","","","","","","","","","","","","","","","","","","","","","","","","","","","","","","","","","","","","","","","","","","","","","","","","","","77.91775","80.5866","80.33318","80.65175","80.74807","","",
"Mali","MLI","Ease of doing business score (0 = lowest performance to 100 = best performance)","IC.BUS.DFRN.XQ","","","","","","","","","","","","","","","","","","","","","","","","","","","","","","","","","","","","","","","","","","","","","","","","","","","","","","","","50.27763","52.61403","52.87624","53.12964","52.94472","","",
"Malta","MLT","Ease of doing business score (0 = lowest performance to 100 = best performance)","IC.BUS.DFRN.XQ","","","","","","","","","","","","","","","","","","","","","","","","","","","","","","","","","","","","","","","","","","","","","","","","","","","","","","","","62.28109","64.77862","65.21409","65.4975","66.13941","","",
"Myanmar","MMR","Ease of doing business score (0 = lowest performance to 100 = best performance)","IC.BUS.DFRN.XQ","","","","","","","","","","","","","","","","","","","","","","","","","","","","","","","","","","","","","","","","","","","","","","","","","","","","","","","","42.12121","42.67139","42.97482","43.4838","46.82775","","",
"Middle East & North Africa (excluding high income)","MNA","Ease of doing business score (0 = lowest performance to 100 = best performance)","IC.BUS.DFRN.XQ","","","","","","","","","","","","","","","","","","","","","","","","","","","","","","","","","","","","","","","","","","","","","","","","","","","","","","","","50.2350653846154","50.4149846153846","51.2693069230769","52.9106992307692","54.1645269230769","","",
"Montenegro","MNE","Ease of doing business score (0 = lowest performance to 100 = best performance)","IC.BUS.DFRN.XQ","","","","","","","","","","","","","","","","","","","","","","","","","","","","","","","","","","","","","","","","","","","","","","","","","","","","","","","","70.60633","71.22233","73.84108","73.70804","73.81891","","",
"Mongolia","MNG","Ease of doing business score (0 = lowest performance to 100 = best performance)","IC.BUS.DFRN.XQ","","","","","","","","","","","","","","","","","","","","","","","","","","","","","","","","","","","","","","","","","","","","","","","","","","","","","","","","65.29449","66.1351","67.40642","67.67673","67.77262","","",
"Northern Mariana Islands","MNP","Ease of doing business score (0 = lowest performance to 100 = best performance)","IC.BUS.DFRN.XQ","","","","","","","","","","","","","","","","","","","","","","","","","","","","","","","","","","","","","","","","","","","","","","","","","","","","","","","","","","","","","","",
"Mozambique","MOZ","Ease of doing business score (0 = lowest performance to 100 = best performance)","IC.BUS.DFRN.XQ","","","","","","","","","","","","","","","","","","","","","","","","","","","","","","","","","","","","","","","","","","","","","","","","","","","","","","","","52.81247","52.06337","52.78803","54.56326","54.9955","","",
"Mauritania","MRT","Ease of doing business score (0 = lowest performance to 100 = best performance)","IC.BUS.DFRN.XQ","","","","","","","","","","","","","","","","","","","","","","","","","","","","","","","","","","","","","","","","","","","","","","","","","","","","","","","","43.75791","46.88194","48.44839","49.37674","51.06288","","",
"Mauritius","MUS","Ease of doing business score (0 = lowest performance to 100 = best performance)","IC.BUS.DFRN.XQ","","","","","","","","","","","","","","","","","","","","","","","","","","","","","","","","","","","","","","","","","","","","","","","","","","","","","","","","76.02546","76.48622","78.89594","80.33655","81.46811","","",
"Malawi","MWI","Ease of doing business score (0 = lowest performance to 100 = best performance)","IC.BUS.DFRN.XQ","","","","","","","","","","","","","","","","","","","","","","","","","","","","","","","","","","","","","","","","","","","","","","","","","","","","","","","","49.70961","53.22437","59.52076","60.362","60.9371","","",
"Malaysia","MYS","Ease of doing business score (0 = lowest performance to 100 = best performance)","IC.BUS.DFRN.XQ","","","","","","","","","","","","","","","","","","","","","","","","","","","","","","","","","","","","","","","","","","","","","","","","","","","","","","","","78.60753","78.27291","78.77204","81.33541","81.47337","","",
"North America","NAC","Ease of doing business score (0 = lowest performance to 100 = best performance)","IC.BUS.DFRN.XQ","","","","","","","","","","","","","","","","","","","","","","","","","","","","","","","","","","","","","","","","","","","","","","","","","","","","","","","","81.67422","81.565425","81.445335","81.626875","81.818555","","",
"Namibia","NAM","Ease of doing business score (0 = lowest performance to 100 = best performance)","IC.BUS.DFRN.XQ","","","","","","","","","","","","","","","","","","","","","","","","","","","","","","","","","","","","","","","","","","","","","","","","","","","","","","","","60.04482","60.08295","61.10494","61.35142","61.35078","","",
"New Caledonia","NCL","Ease of doing business score (0 = lowest performance to 100 = best performance)","IC.BUS.DFRN.XQ","","","","","","","","","","","","","","","","","","","","","","","","","","","","","","","","","","","","","","","","","","","","","","","","","","","","","","","","","","","","","","",
"Niger","NER","Ease of doing business score (0 = lowest performance to 100 = best performance)","IC.BUS.DFRN.XQ","","","","","","","","","","","","","","","","","","","","","","","","","","","","","","","","","","","","","","","","","","","","","","","","","","","","","","","","46.32429","49.32578","51.17303","52.3119","56.75932","","",
"Nigeria","NGA","Ease of doing business score (0 = lowest performance to 100 = best performance)","IC.BUS.DFRN.XQ","","","","","","","","","","","","","","","","","","","","","","","","","","","","","","","","","","","","","","","","","","","","","","","","","","","","","","","","48.37466","48.47451","52.02699","53.40471","56.87589","","",
"Nicaragua","NIC","Ease of doing business score (0 = lowest performance to 100 = best performance)","IC.BUS.DFRN.XQ","","","","","","","","","","","","","","","","","","","","","","","","","","","","","","","","","","","","","","","","","","","","","","","","","","","","","","","","54.11838","54.24718","54.17112","54.53967","54.38673","","",
"Netherlands","NLD","Ease of doing business score (0 = lowest performance to 100 = best performance)","IC.BUS.DFRN.XQ","","","","","","","","","","","","","","","","","","","","","","","","","","","","","","","","","","","","","","","","","","","","","","","","","","","","","","","","75.5221","75.57281","76.08463","76.09693","76.10376","","",
"Norway","NOR","Ease of doing business score (0 = lowest performance to 100 = best performance)","IC.BUS.DFRN.XQ","","","","","","","","","","","","","","","","","","","","","","","","","","","","","","","","","","","","","","","","","","","","","","","","","","","","","","","","81.83183","82.35614","82.65956","82.91579","82.62729","","",
"Nepal","NPL","Ease of doing business score (0 = lowest performance to 100 = best performance)","IC.BUS.DFRN.XQ","","","","","","","","","","","","","","","","","","","","","","","","","","","","","","","","","","","","","","","","","","","","","","","","","","","","","","","","59.70833","58.02771","59.98159","59.65408","63.1866","","",
"Nauru","NRU","Ease of doing business score (0 = lowest performance to 100 = best performance)","IC.BUS.DFRN.XQ","","","","","","","","","","","","","","","","","","","","","","","","","","","","","","","","","","","","","","","","","","","","","","","","","","","","","","","","","","","","","","",
"New Zealand","NZL","Ease of doing business score (0 = lowest performance to 100 = best performance)","IC.BUS.DFRN.XQ","","","","","","","","","","","","","","","","","","","","","","","","","","","","","","","","","","","","","","","","","","","","","","","","","","","","","","","","87.13471","87.16633","87.02213","87.00452","86.76465","","",
"OECD members","OED","Ease of doing business score (0 = lowest performance to 100 = best performance)","IC.BUS.DFRN.XQ","","","","","","","","","","","","","","","","","","","","","","","","","","","","","","","","","","","","","","","","","","","","","","","","","","","","","","","","76.6943294736842","77.0082931578947","77.2451552631579","77.5035142105263","77.6973602631579","","",
"Oman","OMN","Ease of doing business score (0 = lowest performance to 100 = best performance)","IC.BUS.DFRN.XQ","","","","","","","","","","","","","","","","","","","","","","","","","","","","","","","","","","","","","","","","","","","","","","","","","","","","","","","","66.34092","68.05891","68.57321","68.84249","69.98474","","",
"Other small states","OSS","Ease of doing business score (0 = lowest performance to 100 = best performance)","IC.BUS.DFRN.XQ","","","","","","","","","","","","","","","","","","","","","","","","","","","","","","","","","","","","","","","","","","","","","","","","","","","","","","","","57.8470411538462","58.6771319230769","59.5837815384615","60.3300446153846","61.0798669230769","","",
"Pakistan","PAK","Ease of doing business score (0 = lowest performance to 100 = best performance)","IC.BUS.DFRN.XQ","","","","","","","","","","","","","","","","","","","","","","","","","","","","","","","","","","","","","","","","","","","","","","","","","","","","","","","","50.36994","52.474","53.01708","55.45628","60.95491","","",
"Panama","PAN","Ease of doing business score (0 = lowest performance to 100 = best performance)","IC.BUS.DFRN.XQ","","","","","","","","","","","","","","","","","","","","","","","","","","","","","","","","","","","","","","","","","","","","","","","","","","","","","","","","64.72621","64.72195","66.46234","66.86797","66.56045","","",
"Peru","PER","Ease of doing business score (0 = lowest performance to 100 = best performance)","IC.BUS.DFRN.XQ","","","","","","","","","","","","","","","","","","","","","","","","","","","","","","","","","","","","","","","","","","","","","","","","","","","","","","","","67.22451","67.5175","67.76048","68.27159","68.69658","","",
"Philippines","PHL","Ease of doing business score (0 = lowest performance to 100 = best performance)","IC.BUS.DFRN.XQ","","","","","","","","","","","","","","","","","","","","","","","","","","","","","","","","","","","","","","","","","","","","","","","","","","","","","","","","58.23012","59.25872","59.33172","60.87374","62.82943","","",
"Palau","PLW","Ease of doing business score (0 = lowest performance to 100 = best performance)","IC.BUS.DFRN.XQ","","","","","","","","","","","","","","","","","","","","","","","","","","","","","","","","","","","","","","","","","","","","","","","","","","","","","","","","53.12112","53.19614","53.659","53.66252","53.69982","","",
"Papua New Guinea","PNG","Ease of doing business score (0 = lowest performance to 100 = best performance)","IC.BUS.DFRN.XQ","","","","","","","","","","","","","","","","","","","","","","","","","","","","","","","","","","","","","","","","","","","","","","","","","","","","","","","","55.96186","59.33379","59.39568","59.37055","59.77357","","",
"Poland","POL","Ease of doing business score (0 = lowest performance to 100 = best performance)","IC.BUS.DFRN.XQ","","","","","","","","","","","","","","","","","","","","","","","","","","","","","","","","","","","","","","","","","","","","","","","","","","","","","","","","76.93009","77.68044","77.85723","76.93317","76.38122","","",
"Pre-demographic dividend","PRE","Ease of doing business score (0 = lowest performance to 100 = best performance)","IC.BUS.DFRN.XQ","","","","","","","","","","","","","","","","","","","","","","","","","","","","","","","","","","","","","","","","","","","","","","","","","","","","","","","","43.6430967567567","44.4329959459459","45.5783740540541","47.0146908108108","48.0043008108108","","",
"Puerto Rico","PRI","Ease of doing business score (0 = lowest performance to 100 = best performance)","IC.BUS.DFRN.XQ","","","","","","","","","","","","","","","","","","","","","","","","","","","","","","","","","","","","","","","","","","","","","","","","","","","","","","","","68.67446","69.28139","69.82224","70.01875","70.06962","","",
"Korea, Dem. People's Rep.","PRK","Ease of doing business score (0 = lowest performance to 100 = best performance)","IC.BUS.DFRN.XQ","","","","","","","","","","","","","","","","","","","","","","","","","","","","","","","","","","","","","","","","","","","","","","","","","","","","","","","","","","","","","","",
"Portugal","PRT","Ease of doing business score (0 = lowest performance to 100 = best performance)","IC.BUS.DFRN.XQ","","","","","","","","","","","","","","","","","","","","","","","","","","","","","","","","","","","","","","","","","","","","","","","","","","","","","","","","76.36078","76.66433","76.50889","76.44344","76.46616","","",
"Paraguay","PRY","Ease of doing business score (0 = lowest performance to 100 = best performance)","IC.BUS.DFRN.XQ","","","","","","","","","","","","","","","","","","","","","","","","","","","","","","","","","","","","","","","","","","","","","","","","","","","","","","","","58.05094","57.97708","58.036","58.45116","59.05401","","",
"West Bank and Gaza","PSE","Ease of doing business score (0 = lowest performance to 100 = best performance)","IC.BUS.DFRN.XQ","","","","","","","","","","","","","","","","","","","","","","","","","","","","","","","","","","","","","","","","","","","","","","","","","","","","","","","","54.17414","55.48372","59.27638","59.66608","59.97873","","",
"Pacific island small states","PSS","Ease of doing business score (0 = lowest performance to 100 = best performance)","IC.BUS.DFRN.XQ","","","","","","","","","","","","","","","","","","","","","","","","","","","","","","","","","","","","","","","","","","","","","","","","","","","","","","","","55.0646622222222","55.2671077777778","55.5156411111111","55.61027","55.6544488888889","","",
"Post-demographic dividend","PST","Ease of doing business score (0 = lowest performance to 100 = best performance)","IC.BUS.DFRN.XQ","","","","","","","","","","","","","","","","","","","","","","","","","","","","","","","","","","","","","","","","","","","","","","","","","","","","","","","","75.3317438888889","75.74951","76.0802130555555","76.3229169444445","76.5216455555556","","",
"French Polynesia","PYF","Ease of doing business score (0 = lowest performance to 100 = best performance)","IC.BUS.DFRN.XQ","","","","","","","","","","","","","","","","","","","","","","","","","","","","","","","","","","","","","","","","","","","","","","","","","","","","","","","","","","","","","","",
"Qatar","QAT","Ease of doing business score (0 = lowest performance to 100 = best performance)","IC.BUS.DFRN.XQ","","","","","","","","","","","","","","","","","","","","","","","","","","","","","","","","","","","","","","","","","","","","","","","","","","","","","","","","66.49467","65.41549","66.02767","66.70677","68.66573","","",
"Romania","ROU","Ease of doing business score (0 = lowest performance to 100 = best performance)","IC.BUS.DFRN.XQ","","","","","","","","","","","","","","","","","","","","","","","","","","","","","","","","","","","","","","","","","","","","","","","","","","","","","","","","72.72233","72.85135","73.04132","72.51292","73.3332","","",
"Russian Federation","RUS","Ease of doing business score (0 = lowest performance to 100 = best performance)","IC.BUS.DFRN.XQ","","","","","","","","","","","","","","","","","","","","","","","","","","","","","","","","","","","","","","","","","","","","","","","","","","","","","","","","74.09598","75.25999","76.54336","77.40044","78.16284","","",
"Rwanda","RWA","Ease of doing business score (0 = lowest performance to 100 = best performance)","IC.BUS.DFRN.XQ","","","","","","","","","","","","","","","","","","","","","","","","","","","","","","","","","","","","","","","","","","","","","","","","","","","","","","","","67.05448","68.97118","71.07347","75.37431","76.48282","","",
"South Asia","SAS","Ease of doing business score (0 = lowest performance to 100 = best performance)","IC.BUS.DFRN.XQ","","","","","","","","","","","","","","","","","","","","","","","","","","","","","","","","","","","","","","","","","","","","","","","","","","","","","","","","52.65581125","52.94955125","53.9397925","56.28771875","58.169245","","",
"Saudi Arabia","SAU","Ease of doing business score (0 = lowest performance to 100 = best performance)","IC.BUS.DFRN.XQ","","","","","","","","","","","","","","","","","","","","","","","","","","","","","","","","","","","","","","","","","","","","","","","","","","","","","","","","59.16318","59.44422","62.08336","63.84761","70.87175","","",
"Sudan","SDN","Ease of doing business score (0 = lowest performance to 100 = best performance)","IC.BUS.DFRN.XQ","","","","","","","","","","","","","","","","","","","","","","","","","","","","","","","","","","","","","","","","","","","","","","","","","","","","","","","","45.52208","44.82494","45.00301","48.01814","44.82932","","",
"Senegal","SEN","Ease of doing business score (0 = lowest performance to 100 = best performance)","IC.BUS.DFRN.XQ","","","","","","","","","","","","","","","","","","","","","","","","","","","","","","","","","","","","","","","","","","","","","","","","","","","","","","","","49.55865","50.27484","54.01704","54.37982","59.275","","",
"Singapore","SGP","Ease of doing business score (0 = lowest performance to 100 = best performance)","IC.BUS.DFRN.XQ","","","","","","","","","","","","","","","","","","","","","","","","","","","","","","","","","","","","","","","","","","","","","","","","","","","","","","","","84.89222","85.44138","85.57215","85.84348","86.1981","","",
"Solomon Islands","SLB","Ease of doing business score (0 = lowest performance to 100 = best performance)","IC.BUS.DFRN.XQ","","","","","","","","","","","","","","","","","","","","","","","","","","","","","","","","","","","","","","","","","","","","","","","","","","","","","","","","54.71827","55.11571","54.87857","55.20356","55.26279","","",
"Sierra Leone","SLE","Ease of doing business score (0 = lowest performance to 100 = best performance)","IC.BUS.DFRN.XQ","","","","","","","","","","","","","","","","","","","","","","","","","","","","","","","","","","","","","","","","","","","","","","","","","","","","","","","","46.8995","47.21918","47.08868","47.24268","47.45831","","",
"El Salvador","SLV","Ease of doing business score (0 = lowest performance to 100 = best performance)","IC.BUS.DFRN.XQ","","","","","","","","","","","","","","","","","","","","","","","","","","","","","","","","","","","","","","","","","","","","","","","","","","","","","","","","62.40213","62.65253","64.70983","64.92118","65.25247","","",
"San Marino","SMR","Ease of doing business score (0 = lowest performance to 100 = best performance)","IC.BUS.DFRN.XQ","","","","","","","","","","","","","","","","","","","","","","","","","","","","","","","","","","","","","","","","","","","","","","","","","","","","","","","","61.37859","61.93725","61.8841","64.15819","64.19133","","",
"Somalia","SOM","Ease of doing business score (0 = lowest performance to 100 = best performance)","IC.BUS.DFRN.XQ","","","","","","","","","","","","","","","","","","","","","","","","","","","","","","","","","","","","","","","","","","","","","","","","","","","","","","","","20.23995","20.28589","19.9777","20.04146","20.03958","","",
"Serbia","SRB","Ease of doing business score (0 = lowest performance to 100 = best performance)","IC.BUS.DFRN.XQ","","","","","","","","","","","","","","","","","","","","","","","","","","","","","","","","","","","","","","","","","","","","","","","","","","","","","","","","69.96245","73.27635","73.75306","73.92341","75.65345","","",
"Sub-Saharan Africa (excluding high income)","SSA","Ease of doing business score (0 = lowest performance to 100 = best performance)","IC.BUS.DFRN.XQ","","","","","","","","","","","","","","","","","","","","","","","","","","","","","","","","","","","","","","","","","","","","","","","","","","","","","","","","47.4493810638298","48.2355531914894","49.4129738297872","50.6339802127659","51.63631","","",
"South Sudan","SSD","Ease of doing business score (0 = lowest performance to 100 = best performance)","IC.BUS.DFRN.XQ","","","","","","","","","","","","","","","","","","","","","","","","","","","","","","","","","","","","","","","","","","","","","","","","","","","","","","","","32.83657","32.69356","31.64063","33.64187","34.62285","","",
"Sub-Saharan Africa","SSF","Ease of doing business score (0 = lowest performance to 100 = best performance)","IC.BUS.DFRN.XQ","","","","","","","","","","","","","","","","","","","","","","","","","","","","","","","","","","","","","","","","","","","","","","","","","","","","","","","","47.6891483333333","48.4910977083333","49.665008125","50.8603995833333","51.84607375","","",
"Small states","SST","Ease of doing business score (0 = lowest performance to 100 = best performance)","IC.BUS.DFRN.XQ","","","","","","","","","","","","","","","","","","","","","","","","","","","","","","","","","","","","","","","","","","","","","","","","","","","","","","","","57.1922227083333","57.787951875","58.4030747916667","58.8073222916667","59.2874304166667","","",
"Sao Tome and Principe","STP","Ease of doing business score (0 = lowest performance to 100 = best performance)","IC.BUS.DFRN.XQ","","","","","","","","","","","","","","","","","","","","","","","","","","","","","","","","","","","","","","","","","","","","","","","","","","","","","","","","43.77009","44.2853","44.67002","44.97215","44.9711","","",
"Suriname","SUR","Ease of doing business score (0 = lowest performance to 100 = best performance)","IC.BUS.DFRN.XQ","","","","","","","","","","","","","","","","","","","","","","","","","","","","","","","","","","","","","","","","","","","","","","","","","","","","","","","","46.42834","47.39893","47.40665","47.43149","47.46427","","",
"Slovak Republic","SVK","Ease of doing business score (0 = lowest performance to 100 = best performance)","IC.BUS.DFRN.XQ","","","","","","","","","","","","","","","","","","","","","","","","","","","","","","","","","","","","","","","","","","","","","","","","","","","","","","","","74.84151","75.03118","75.15124","75.445","75.58542","","",
"Slovenia","SVN","Ease of doing business score (0 = lowest performance to 100 = best performance)","IC.BUS.DFRN.XQ","","","","","","","","","","","","","","","","","","","","","","","","","","","","","","","","","","","","","","","","","","","","","","","","","","","","","","","","74.71274","75.41048","76.39486","76.4142","76.51751","","",
"Sweden","SWE","Ease of doing business score (0 = lowest performance to 100 = best performance)","IC.BUS.DFRN.XQ","","","","","","","","","","","","","","","","","","","","","","","","","","","","","","","","","","","","","","","","","","","","","","","","","","","","","","","","81.63208","82.15071","82.17491","82.01848","81.99155","","",
"Eswatini","SWZ","Ease of doing business score (0 = lowest performance to 100 = best performance)","IC.BUS.DFRN.XQ","","","","","","","","","","","","","","","","","","","","","","","","","","","","","","","","","","","","","","","","","","","","","","","","","","","","","","","","56.9378","58.37605","58.62573","58.71977","59.49273","","",
"Sint Maarten (Dutch part)","SXM","Ease of doing business score (0 = lowest performance to 100 = best performance)","IC.BUS.DFRN.XQ","","","","","","","","","","","","","","","","","","","","","","","","","","","","","","","","","","","","","","","","","","","","","","","","","","","","","","","","","","","","","","",
"Seychelles","SYC","Ease of doing business score (0 = lowest performance to 100 = best performance)","IC.BUS.DFRN.XQ","","","","","","","","","","","","","","","","","","","","","","","","","","","","","","","","","","","","","","","","","","","","","","","","","","","","","","","","58.95821","60.50169","61.51062","61.50211","61.70497","","",
"Syrian Arab Republic","SYR","Ease of doing business score (0 = lowest performance to 100 = best performance)","IC.BUS.DFRN.XQ","","","","","","","","","","","","","","","","","","","","","","","","","","","","","","","","","","","","","","","","","","","","","","","","","","","","","","","","42.96399","41.37479","41.44563","41.47442","41.96812","","",
"Turks and Caicos Islands","TCA","Ease of doing business score (0 = lowest performance to 100 = best performance)","IC.BUS.DFRN.XQ","","","","","","","","","","","","","","","","","","","","","","","","","","","","","","","","","","","","","","","","","","","","","","","","","","","","","","","","","","","","","","",
"Chad","TCD","Ease of doing business score (0 = lowest performance to 100 = best performance)","IC.BUS.DFRN.XQ","","","","","","","","","","","","","","","","","","","","","","","","","","","","","","","","","","","","","","","","","","","","","","","","","","","","","","","","35.29956","36.00847","35.52606","36.66065","36.93568","","",
"East Asia & Pacific (IDA & IBRD countries)","TEA","Ease of doing business score (0 = lowest performance to 100 = best performance)","IC.BUS.DFRN.XQ","","","","","","","","","","","","","","","","","","","","","","","","","","","","","","","","","","","","","","","","","","","","","","","","","","","","","","","","56.9117447619048","57.6194728571429","58.3518038095238","59.3371038095238","60.0153495238095","","",
"Europe & Central Asia (IDA & IBRD countries)","TEC","Ease of doing business score (0 = lowest performance to 100 = best performance)","IC.BUS.DFRN.XQ","","","","","","","","","","","","","","","","","","","","","","","","","","","","","","","","","","","","","","","","","","","","","","","","","","","","","","","","68.3473145454545","69.8251263636364","71.3369381818182","72.3767868181818","73.6824959090909","","",
"Togo","TGO","Ease of doing business score (0 = lowest performance to 100 = best performance)","IC.BUS.DFRN.XQ","","","","","","","","","","","","","","","","","","","","","","","","","","","","","","","","","","","","","","","","","","","","","","","","","","","","","","","","46.92875","48.10323","48.7524","55.26888","62.28934","","",
"Thailand","THA","Ease of doing business score (0 = lowest performance to 100 = best performance)","IC.BUS.DFRN.XQ","","","","","","","","","","","","","","","","","","","","","","","","","","","","","","","","","","","","","","","","","","","","","","","","","","","","","","","","71.94455","72.79843","78.45338","79.51709","80.09233","","",
"Tajikistan","TJK","Ease of doing business score (0 = lowest performance to 100 = best performance)","IC.BUS.DFRN.XQ","","","","","","","","","","","","","","","","","","","","","","","","","","","","","","","","","","","","","","","","","","","","","","","","","","","","","","","","51.84299","53.43689","54.34213","55.38718","61.26761","","",
"Turkmenistan","TKM","Ease of doing business score (0 = lowest performance to 100 = best performance)","IC.BUS.DFRN.XQ","","","","","","","","","","","","","","","","","","","","","","","","","","","","","","","","","","","","","","","","","","","","","","","","","","","","","","","","","","","","","","",
"Latin America & the Caribbean (IDA & IBRD countries)","TLA","Ease of doing business score (0 = lowest performance to 100 = best performance)","IC.BUS.DFRN.XQ","","","","","","","","","","","","","","","","","","","","","","","","","","","","","","","","","","","","","","","","","","","","","","","","","","","","","","","","58.1202726666667","58.3056533333334","58.631735","58.9172653333333","59.200426","","",
"Timor-Leste","TLS","Ease of doing business score (0 = lowest performance to 100 = best performance)","IC.BUS.DFRN.XQ","","","","","","","","","","","","","","","","","","","","","","","","","","","","","","","","","","","","","","","","","","","","","","","","","","","","","","","","39.3307","38.17997","37.98983","39.69791","39.36487","","",
"Middle East & North Africa (IDA & IBRD countries)","TMN","Ease of doing business score (0 = lowest performance to 100 = best performance)","IC.BUS.DFRN.XQ","","","","","","","","","","","","","","","","","","","","","","","","","","","","","","","","","","","","","","","","","","","","","","","","","","","","","","","","49.9068091666667","49.99259","50.6020508333333","52.3477508333333","53.68001","","",
"Tonga","TON","Ease of doing business score (0 = lowest performance to 100 = best performance)","IC.BUS.DFRN.XQ","","","","","","","","","","","","","","","","","","","","","","","","","","","","","","","","","","","","","","","","","","","","","","","","","","","","","","","","61.32947","61.14383","61.57496","61.65064","61.38921","","",
"South Asia (IDA & IBRD)","TSA","Ease of doing business score (0 = lowest performance to 100 = best performance)","IC.BUS.DFRN.XQ","","","","","","","","","","","","","","","","","","","","","","","","","","","","","","","","","","","","","","","","","","","","","","","","","","","","","","","","52.65581125","52.94955125","53.9397925","56.28771875","58.169245","","",
"Sub-Saharan Africa (IDA & IBRD countries)","TSS","Ease of doing business score (0 = lowest performance to 100 = best performance)","IC.BUS.DFRN.XQ","","","","","","","","","","","","","","","","","","","","","","","","","","","","","","","","","","","","","","","","","","","","","","","","","","","","","","","","47.6891483333333","48.4910977083333","49.665008125","50.8603995833333","51.84607375","","",
"Trinidad and Tobago","TTO","Ease of doing business score (0 = lowest performance to 100 = best performance)","IC.BUS.DFRN.XQ","","","","","","","","","","","","","","","","","","","","","","","","","","","","","","","","","","","","","","","","","","","","","","","","","","","","","","","","61.41725","61.34535","61.15191","61.03242","61.29128","","",
"Tunisia","TUN","Ease of doing business score (0 = lowest performance to 100 = best performance)","IC.BUS.DFRN.XQ","","","","","","","","","","","","","","","","","","","","","","","","","","","","","","","","","","","","","","","","","","","","","","","","","","","","","","","","64.56559","65.54085","65.29842","67.22278","68.65706","","",
"Turkiye","TUR","Ease of doing business score (0 = lowest performance to 100 = best performance)","IC.BUS.DFRN.XQ","","","","","","","","","","","","","","","","","","","","","","","","","","","","","","","","","","","","","","","","","","","","","","","","","","","","","","","","69.14468","69.37882","70.9145","75.25248","76.79104","","",
"Tuvalu","TUV","Ease of doing business score (0 = lowest performance to 100 = best performance)","IC.BUS.DFRN.XQ","","","","","","","","","","","","","","","","","","","","","","","","","","","","","","","","","","","","","","","","","","","","","","","","","","","","","","","","","","","","","","",
"Tanzania","TZA","Ease of doing business score (0 = lowest performance to 100 = best performance)","IC.BUS.DFRN.XQ","","","","","","","","","","","","","","","","","","","","","","","","","","","","","","","","","","","","","","","","","","","","","","","","","","","","","","","","49.69225","53.86676","53.98306","54.28952","54.46329","","",
"Uganda","UGA","Ease of doing business score (0 = lowest performance to 100 = best performance)","IC.BUS.DFRN.XQ","","","","","","","","","","","","","","","","","","","","","","","","","","","","","","","","","","","","","","","","","","","","","","","","","","","","","","","","56.6304","57.28983","57.87464","58.38634","59.9818","","",
"Ukraine","UKR","Ease of doing business score (0 = lowest performance to 100 = best performance)","IC.BUS.DFRN.XQ","","","","","","","","","","","","","","","","","","","","","","","","","","","","","","","","","","","","","","","","","","","","","","","","","","","","","","","","64.18277","65.41773","68.08579","69.07387","70.2106","","",
"Upper middle income","UMC","Ease of doing business score (0 = lowest performance to 100 = best performance)","IC.BUS.DFRN.XQ","","","","","","","","","","","","","","","","","","","","","","","","","","","","","","","","","","","","","","","","","","","","","","","","","","","","","","","","61.9573476","62.6869296","63.6025038","64.4016328","65.1431904","","",
"Uruguay","URY","Ease of doing business score (0 = lowest performance to 100 = best performance)","IC.BUS.DFRN.XQ","","","","","","","","","","","","","","","","","","","","","","","","","","","","","","","","","","","","","","","","","","","","","","","","","","","","","","","","60.1749","60.68692","61.031","61.36826","61.53994","","",
"United States","USA","Ease of doing business score (0 = lowest performance to 100 = best performance)","IC.BUS.DFRN.XQ","","","","","","","","","","","","","","","","","","","","","","","","","","","","","","","","","","","","","","","","","","","","","","","","","","","","","","","","83.59247","83.58991","83.59008","83.57395","83.99668","","",
"Uzbekistan","UZB","Ease of doing business score (0 = lowest performance to 100 = best performance)","IC.BUS.DFRN.XQ","","","","","","","","","","","","","","","","","","","","","","","","","","","","","","","","","","","","","","","","","","","","","","","","","","","","","","","","61.6759","62.09399","66.61398","67.75199","69.87898","","",
"St. Vincent and the Grenadines","VCT","Ease of doing business score (0 = lowest performance to 100 = best performance)","IC.BUS.DFRN.XQ","","","","","","","","","","","","","","","","","","","","","","","","","","","","","","","","","","","","","","","","","","","","","","","","","","","","","","","","57.07066","56.96928","56.97521","56.98254","57.0869","","",
"Venezuela, RB","VEN","Ease of doing business score (0 = lowest performance to 100 = best performance)","IC.BUS.DFRN.XQ","","","","","","","","","","","","","","","","","","","","","","","","","","","","","","","","","","","","","","","","","","","","","","","","","","","","","","","","34.12824","31.12013","30.03484","32.14349","30.23634","","",
"British Virgin Islands","VGB","Ease of doing business score (0 = lowest performance to 100 = best performance)","IC.BUS.DFRN.XQ","","","","","","","","","","","","","","","","","","","","","","","","","","","","","","","","","","","","","","","","","","","","","","","","","","","","","","","","","","","","","","",
"Virgin Islands (U.S.)","VIR","Ease of doing business score (0 = lowest performance to 100 = best performance)","IC.BUS.DFRN.XQ","","","","","","","","","","","","","","","","","","","","","","","","","","","","","","","","","","","","","","","","","","","","","","","","","","","","","","","","","","","","","","",
"Vietnam","VNM","Ease of doing business score (0 = lowest performance to 100 = best performance)","IC.BUS.DFRN.XQ","","","","","","","","","","","","","","","","","","","","","","","","","","","","","","","","","","","","","","","","","","","","","","","","","","","","","","","","62.60371","65.28861","66.9796","68.56869","69.76594","","",
"Vanuatu","VUT","Ease of doing business score (0 = lowest performance to 100 = best performance)","IC.BUS.DFRN.XQ","","","","","","","","","","","","","","","","","","","","","","","","","","","","","","","","","","","","","","","","","","","","","","","","","","","","","","","","59.34431","60.9024","60.92111","60.72518","61.05191","","",
"World","WLD","Ease of doing business score (0 = lowest performance to 100 = best performance)","IC.BUS.DFRN.XQ","","","","","","","","","","","","","","","","","","","","","","","","","","","","","","","","","","","","","","","","","","","","","","","","","","","","","","","","59.8809168947368","60.5041144736842","61.3200268947368","62.2261068062827","63.0530115706806","","",
"Samoa","WSM","Ease of doing business score (0 = lowest performance to 100 = best performance)","IC.BUS.DFRN.XQ","","","","","","","","","","","","","","","","","","","","","","","","","","","","","","","","","","","","","","","","","","","","","","","","","","","","","","","","60.21082","60.03645","62.05797","62.06781","62.07404","","",
"Kosovo","XKX","Ease of doing business score (0 = lowest performance to 100 = best performance)","IC.BUS.DFRN.XQ","","","","","","","","","","","","","","","","","","","","","","","","","","","","","","","","","","","","","","","","","","","","","","","","","","","","","","","","63.02811","64.90617","70.51486","71.04522","73.18473","","",
"Yemen, Rep.","YEM","Ease of doing business score (0 = lowest performance to 100 = best performance)","IC.BUS.DFRN.XQ","","","","","","","","","","","","","","","","","","","","","","","","","","","","","","","","","","","","","","","","","","","","","","","","","","","","","","","","38.4318","31.20833","31.26677","30.67289","31.76299","","",
"South Africa","ZAF","Ease of doing business score (0 = lowest performance to 100 = best performance)","IC.BUS.DFRN.XQ","","","","","","","","","","","","","","","","","","","","","","","","","","","","","","","","","","","","","","","","","","","","","","","","","","","","","","","","66.24035","65.40686","65.32778","66.69548","67.01897","","",
"Zambia","ZMB","Ease of doing business score (0 = lowest performance to 100 = best performance)","IC.BUS.DFRN.XQ","","","","","","","","","","","","","","","","","","","","","","","","","","","","","","","","","","","","","","","","","","","","","","","","","","","","","","","","60.45046","60.25434","64.23311","65.7117","66.93648","","",
"Zimbabwe","ZWE","Ease of doing business score (0 = lowest performance to 100 = best performance)","IC.BUS.DFRN.XQ","","","","","","","","","","","","","","","","","","","","","","","","","","","","","","","","","","","","","","","","","","","","","","","","","","","","","","","","47.80355","47.79435","48.58986","50.50998","54.46935","","",
